"","chrom","chromStart","chromEnd","name","gieStain","color"
"1","chr1",0,2300000,"p36.33","gneg","#FFFFFF"
"2","chr1",2300001,5300000,"p36.32","gpos25","#D3D3D3"
"3","chr1",5300001,7100000,"p36.31","gneg","#FFFFFF"
"4","chr1",7100001,9100000,"p36.23","gpos25","#D3D3D3"
"5","chr1",9100001,12500000,"p36.22","gneg","#FFFFFF"
"6","chr1",12500001,15900000,"p36.21","gpos50","#BEBEBE"
"7","chr1",15900001,20100000,"p36.13","gneg","#FFFFFF"
"8","chr1",20100001,23600000,"p36.12","gpos25","#D3D3D3"
"9","chr1",23600001,27600000,"p36.11","gneg","#FFFFFF"
"10","chr1",27600001,29900000,"p35.3","gpos25","#D3D3D3"
"11","chr1",29900001,32300000,"p35.2","gneg","#FFFFFF"
"12","chr1",32300001,34300000,"p35.1","gpos25","#D3D3D3"
"13","chr1",34300001,39600000,"p34.3","gneg","#FFFFFF"
"14","chr1",39600001,43700000,"p34.2","gpos25","#D3D3D3"
"15","chr1",43700001,46300000,"p34.1","gneg","#FFFFFF"
"16","chr1",46300001,50200000,"p33","gpos75","#949494"
"17","chr1",50200001,55600000,"p32.3","gneg","#FFFFFF"
"18","chr1",55600001,58500000,"p32.2","gpos50","#BEBEBE"
"19","chr1",58500001,60800000,"p32.1","gneg","#FFFFFF"
"20","chr1",60800001,68500000,"p31.3","gpos50","#BEBEBE"
"21","chr1",68500001,69300000,"p31.2","gneg","#FFFFFF"
"22","chr1",69300001,84400000,"p31.1","gpos100","#000000"
"23","chr1",84400001,87900000,"p22.3","gneg","#FFFFFF"
"24","chr1",87900001,91500000,"p22.2","gpos75","#949494"
"25","chr1",91500001,94300000,"p22.1","gneg","#FFFFFF"
"26","chr1",94300001,99300000,"p21.3","gpos75","#949494"
"27","chr1",99300001,101800000,"p21.2","gneg","#FFFFFF"
"28","chr1",101800001,106700000,"p21.1","gpos100","#000000"
"29","chr1",106700001,111200000,"p13.3","gneg","#FFFFFF"
"30","chr1",111200001,115500000,"p13.2","gpos50","#BEBEBE"
"31","chr1",115500001,117200000,"p13.1","gneg","#FFFFFF"
"32","chr1",117200001,120400000,"p12","gpos50","#BEBEBE"
"33","chr1",120400001,121700000,"p11.2","gneg","#FFFFFF"
"34","chr1",121700001,123400000,"p11.1","acen","#EBECF0"
"35","chr1",123400001,125100000,"q11","acen","#EBECF0"
"36","chr1",125100001,143200000,"q12","gvar","#FFFFFF"
"37","chr1",143200001,147500000,"q21.1","gneg","#FFFFFF"
"38","chr1",147500001,150600000,"q21.2","gpos50","#BEBEBE"
"39","chr1",150600001,155100000,"q21.3","gneg","#FFFFFF"
"40","chr1",155100001,156600000,"q22","gpos50","#BEBEBE"
"41","chr1",156600001,159100000,"q23.1","gneg","#FFFFFF"
"42","chr1",159100001,160500000,"q23.2","gpos50","#BEBEBE"
"43","chr1",160500001,165500000,"q23.3","gneg","#FFFFFF"
"44","chr1",165500001,167200000,"q24.1","gpos50","#BEBEBE"
"45","chr1",167200001,170900000,"q24.2","gneg","#FFFFFF"
"46","chr1",170900001,173000000,"q24.3","gpos75","#949494"
"47","chr1",173000001,176100000,"q25.1","gneg","#FFFFFF"
"48","chr1",176100001,180300000,"q25.2","gpos50","#BEBEBE"
"49","chr1",180300001,185800000,"q25.3","gneg","#FFFFFF"
"50","chr1",185800001,190800000,"q31.1","gpos100","#000000"
"51","chr1",190800001,193800000,"q31.2","gneg","#FFFFFF"
"52","chr1",193800001,198700000,"q31.3","gpos100","#000000"
"53","chr1",198700001,207100000,"q32.1","gneg","#FFFFFF"
"54","chr1",207100001,211300000,"q32.2","gpos25","#D3D3D3"
"55","chr1",211300001,214400000,"q32.3","gneg","#FFFFFF"
"56","chr1",214400001,223900000,"q41","gpos100","#000000"
"57","chr1",223900001,224400000,"q42.11","gneg","#FFFFFF"
"58","chr1",224400001,226800000,"q42.12","gpos25","#D3D3D3"
"59","chr1",226800001,230500000,"q42.13","gneg","#FFFFFF"
"60","chr1",230500001,234600000,"q42.2","gpos50","#BEBEBE"
"61","chr1",234600001,236400000,"q42.3","gneg","#FFFFFF"
"62","chr1",236400001,243500000,"q43","gpos75","#949494"
"63","chr1",243500001,248956422,"q44","gneg","#FFFFFF"
"64","chr2",1,4400000,"p25.3","gneg","#FFFFFF"
"65","chr2",4400001,6900000,"p25.2","gpos50","#BEBEBE"
"66","chr2",6900001,12000000,"p25.1","gneg","#FFFFFF"
"67","chr2",12000001,16500000,"p24.3","gpos75","#949494"
"68","chr2",16500001,19000000,"p24.2","gneg","#FFFFFF"
"69","chr2",19000001,23800000,"p24.1","gpos75","#949494"
"70","chr2",23800001,27700000,"p23.3","gneg","#FFFFFF"
"71","chr2",27700001,29800000,"p23.2","gpos25","#D3D3D3"
"72","chr2",29800001,31800000,"p23.1","gneg","#FFFFFF"
"73","chr2",31800001,36300000,"p22.3","gpos75","#949494"
"74","chr2",36300001,38300000,"p22.2","gneg","#FFFFFF"
"75","chr2",38300001,41500000,"p22.1","gpos50","#BEBEBE"
"76","chr2",41500001,47500000,"p21","gneg","#FFFFFF"
"77","chr2",47500001,52600000,"p16.3","gpos100","#000000"
"78","chr2",52600001,54700000,"p16.2","gneg","#FFFFFF"
"79","chr2",54700001,61000000,"p16.1","gpos100","#000000"
"80","chr2",61000001,63900000,"p15","gneg","#FFFFFF"
"81","chr2",63900001,68400000,"p14","gpos50","#BEBEBE"
"82","chr2",68400001,71300000,"p13.3","gneg","#FFFFFF"
"83","chr2",71300001,73300000,"p13.2","gpos50","#BEBEBE"
"84","chr2",73300001,74800000,"p13.1","gneg","#FFFFFF"
"85","chr2",74800001,83100000,"p12","gpos100","#000000"
"86","chr2",83100001,91800000,"p11.2","gneg","#FFFFFF"
"87","chr2",91800001,93900000,"p11.1","acen","#EBECF0"
"88","chr2",93900001,96000000,"q11.1","acen","#EBECF0"
"89","chr2",96000001,102100000,"q11.2","gneg","#FFFFFF"
"90","chr2",102100001,105300000,"q12.1","gpos50","#BEBEBE"
"91","chr2",105300001,106700000,"q12.2","gneg","#FFFFFF"
"92","chr2",106700001,108700000,"q12.3","gpos25","#D3D3D3"
"93","chr2",108700001,112200000,"q13","gneg","#FFFFFF"
"94","chr2",112200001,118100000,"q14.1","gpos50","#BEBEBE"
"95","chr2",118100001,121600000,"q14.2","gneg","#FFFFFF"
"96","chr2",121600001,129100000,"q14.3","gpos50","#BEBEBE"
"97","chr2",129100001,131700000,"q21.1","gneg","#FFFFFF"
"98","chr2",131700001,134300000,"q21.2","gpos25","#D3D3D3"
"99","chr2",134300001,136100000,"q21.3","gneg","#FFFFFF"
"100","chr2",136100001,141500000,"q22.1","gpos100","#000000"
"101","chr2",141500001,143400000,"q22.2","gneg","#FFFFFF"
"102","chr2",143400001,147900000,"q22.3","gpos100","#000000"
"103","chr2",147900001,149000000,"q23.1","gneg","#FFFFFF"
"104","chr2",149000001,149600000,"q23.2","gpos25","#D3D3D3"
"105","chr2",149600001,154000000,"q23.3","gneg","#FFFFFF"
"106","chr2",154000001,158900000,"q24.1","gpos75","#949494"
"107","chr2",158900001,162900000,"q24.2","gneg","#FFFFFF"
"108","chr2",162900001,168900000,"q24.3","gpos75","#949494"
"109","chr2",168900001,177100000,"q31.1","gneg","#FFFFFF"
"110","chr2",177100001,179700000,"q31.2","gpos50","#BEBEBE"
"111","chr2",179700001,182100000,"q31.3","gneg","#FFFFFF"
"112","chr2",182100001,188500000,"q32.1","gpos75","#949494"
"113","chr2",188500001,191100000,"q32.2","gneg","#FFFFFF"
"114","chr2",191100001,196600000,"q32.3","gpos75","#949494"
"115","chr2",196600001,202500000,"q33.1","gneg","#FFFFFF"
"116","chr2",202500001,204100000,"q33.2","gpos50","#BEBEBE"
"117","chr2",204100001,208200000,"q33.3","gneg","#FFFFFF"
"118","chr2",208200001,214500000,"q34","gpos100","#000000"
"119","chr2",214500001,220700000,"q35","gneg","#FFFFFF"
"120","chr2",220700001,224300000,"q36.1","gpos75","#949494"
"121","chr2",224300001,225200000,"q36.2","gneg","#FFFFFF"
"122","chr2",225200001,230100000,"q36.3","gpos100","#000000"
"123","chr2",230100001,234700000,"q37.1","gneg","#FFFFFF"
"124","chr2",234700001,236400000,"q37.2","gpos50","#BEBEBE"
"125","chr2",236400001,242193529,"q37.3","gneg","#FFFFFF"
"126","chr3",1,2800000,"p26.3","gpos50","#BEBEBE"
"127","chr3",2800001,4000000,"p26.2","gneg","#FFFFFF"
"128","chr3",4000001,8100000,"p26.1","gpos50","#BEBEBE"
"129","chr3",8100001,11600000,"p25.3","gneg","#FFFFFF"
"130","chr3",11600001,13200000,"p25.2","gpos25","#D3D3D3"
"131","chr3",13200001,16300000,"p25.1","gneg","#FFFFFF"
"132","chr3",16300001,23800000,"p24.3","gpos100","#000000"
"133","chr3",23800001,26300000,"p24.2","gneg","#FFFFFF"
"134","chr3",26300001,30800000,"p24.1","gpos75","#949494"
"135","chr3",30800001,32000000,"p23","gneg","#FFFFFF"
"136","chr3",32000001,36400000,"p22.3","gpos50","#BEBEBE"
"137","chr3",36400001,39300000,"p22.2","gneg","#FFFFFF"
"138","chr3",39300001,43600000,"p22.1","gpos75","#949494"
"139","chr3",43600001,44100000,"p21.33","gneg","#FFFFFF"
"140","chr3",44100001,44200000,"p21.32","gpos50","#BEBEBE"
"141","chr3",44200001,50600000,"p21.31","gneg","#FFFFFF"
"142","chr3",50600001,52300000,"p21.2","gpos25","#D3D3D3"
"143","chr3",52300001,54400000,"p21.1","gneg","#FFFFFF"
"144","chr3",54400001,58600000,"p14.3","gpos50","#BEBEBE"
"145","chr3",58600001,63800000,"p14.2","gneg","#FFFFFF"
"146","chr3",63800001,69700000,"p14.1","gpos50","#BEBEBE"
"147","chr3",69700001,74100000,"p13","gneg","#FFFFFF"
"148","chr3",74100001,79800000,"p12.3","gpos75","#949494"
"149","chr3",79800001,83500000,"p12.2","gneg","#FFFFFF"
"150","chr3",83500001,87100000,"p12.1","gpos75","#949494"
"151","chr3",87100001,87800000,"p11.2","gneg","#FFFFFF"
"152","chr3",87800001,90900000,"p11.1","acen","#EBECF0"
"153","chr3",90900001,94000000,"q11.1","acen","#EBECF0"
"154","chr3",94000001,98600000,"q11.2","gvar","#FFFFFF"
"155","chr3",98600001,100300000,"q12.1","gneg","#FFFFFF"
"156","chr3",100300001,101200000,"q12.2","gpos25","#D3D3D3"
"157","chr3",101200001,103100000,"q12.3","gneg","#FFFFFF"
"158","chr3",103100001,106500000,"q13.11","gpos75","#949494"
"159","chr3",106500001,108200000,"q13.12","gneg","#FFFFFF"
"160","chr3",108200001,111600000,"q13.13","gpos50","#BEBEBE"
"161","chr3",111600001,113700000,"q13.2","gneg","#FFFFFF"
"162","chr3",113700001,117600000,"q13.31","gpos75","#949494"
"163","chr3",117600001,119300000,"q13.32","gneg","#FFFFFF"
"164","chr3",119300001,122200000,"q13.33","gpos75","#949494"
"165","chr3",122200001,124100000,"q21.1","gneg","#FFFFFF"
"166","chr3",124100001,126100000,"q21.2","gpos25","#D3D3D3"
"167","chr3",126100001,129500000,"q21.3","gneg","#FFFFFF"
"168","chr3",129500001,134000000,"q22.1","gpos25","#D3D3D3"
"169","chr3",134000001,136000000,"q22.2","gneg","#FFFFFF"
"170","chr3",136000001,139000000,"q22.3","gpos25","#D3D3D3"
"171","chr3",139000001,143100000,"q23","gneg","#FFFFFF"
"172","chr3",143100001,149200000,"q24","gpos100","#000000"
"173","chr3",149200001,152300000,"q25.1","gneg","#FFFFFF"
"174","chr3",152300001,155300000,"q25.2","gpos50","#BEBEBE"
"175","chr3",155300001,157300000,"q25.31","gneg","#FFFFFF"
"176","chr3",157300001,159300000,"q25.32","gpos50","#BEBEBE"
"177","chr3",159300001,161000000,"q25.33","gneg","#FFFFFF"
"178","chr3",161000001,167900000,"q26.1","gpos100","#000000"
"179","chr3",167900001,171200000,"q26.2","gneg","#FFFFFF"
"180","chr3",171200001,176000000,"q26.31","gpos75","#949494"
"181","chr3",176000001,179300000,"q26.32","gneg","#FFFFFF"
"182","chr3",179300001,183000000,"q26.33","gpos75","#949494"
"183","chr3",183000001,184800000,"q27.1","gneg","#FFFFFF"
"184","chr3",184800001,186300000,"q27.2","gpos25","#D3D3D3"
"185","chr3",186300001,188200000,"q27.3","gneg","#FFFFFF"
"186","chr3",188200001,192600000,"q28","gpos75","#949494"
"187","chr3",192600001,198295559,"q29","gneg","#FFFFFF"
"188","chr4",1,4500000,"p16.3","gneg","#FFFFFF"
"189","chr4",4500001,6000000,"p16.2","gpos25","#D3D3D3"
"190","chr4",6000001,11300000,"p16.1","gneg","#FFFFFF"
"191","chr4",11300001,15000000,"p15.33","gpos50","#BEBEBE"
"192","chr4",15000001,17700000,"p15.32","gneg","#FFFFFF"
"193","chr4",17700001,21300000,"p15.31","gpos75","#949494"
"194","chr4",21300001,27700000,"p15.2","gneg","#FFFFFF"
"195","chr4",27700001,35800000,"p15.1","gpos100","#000000"
"196","chr4",35800001,41200000,"p14","gneg","#FFFFFF"
"197","chr4",41200001,44600000,"p13","gpos50","#BEBEBE"
"198","chr4",44600001,48200000,"p12","gneg","#FFFFFF"
"199","chr4",48200001,50000000,"p11","acen","#EBECF0"
"200","chr4",50000001,51800000,"q11","acen","#EBECF0"
"201","chr4",51800001,58500000,"q12","gneg","#FFFFFF"
"202","chr4",58500001,65500000,"q13.1","gpos100","#000000"
"203","chr4",65500001,69400000,"q13.2","gneg","#FFFFFF"
"204","chr4",69400001,75300000,"q13.3","gpos75","#949494"
"205","chr4",75300001,78000000,"q21.1","gneg","#FFFFFF"
"206","chr4",78000001,81500000,"q21.21","gpos50","#BEBEBE"
"207","chr4",81500001,83200000,"q21.22","gneg","#FFFFFF"
"208","chr4",83200001,86000000,"q21.23","gpos25","#D3D3D3"
"209","chr4",86000001,87100000,"q21.3","gneg","#FFFFFF"
"210","chr4",87100001,92800000,"q22.1","gpos75","#949494"
"211","chr4",92800001,94200000,"q22.2","gneg","#FFFFFF"
"212","chr4",94200001,97900000,"q22.3","gpos75","#949494"
"213","chr4",97900001,100100000,"q23","gneg","#FFFFFF"
"214","chr4",100100001,106700000,"q24","gpos50","#BEBEBE"
"215","chr4",106700001,113200000,"q25","gneg","#FFFFFF"
"216","chr4",113200001,119900000,"q26","gpos75","#949494"
"217","chr4",119900001,122800000,"q27","gneg","#FFFFFF"
"218","chr4",122800001,127900000,"q28.1","gpos50","#BEBEBE"
"219","chr4",127900001,130100000,"q28.2","gneg","#FFFFFF"
"220","chr4",130100001,138500000,"q28.3","gpos100","#000000"
"221","chr4",138500001,140600000,"q31.1","gneg","#FFFFFF"
"222","chr4",140600001,145900000,"q31.21","gpos25","#D3D3D3"
"223","chr4",145900001,147500000,"q31.22","gneg","#FFFFFF"
"224","chr4",147500001,150200000,"q31.23","gpos25","#D3D3D3"
"225","chr4",150200001,154600000,"q31.3","gneg","#FFFFFF"
"226","chr4",154600001,160800000,"q32.1","gpos100","#000000"
"227","chr4",160800001,163600000,"q32.2","gneg","#FFFFFF"
"228","chr4",163600001,169200000,"q32.3","gpos100","#000000"
"229","chr4",169200001,171000000,"q33","gneg","#FFFFFF"
"230","chr4",171000001,175400000,"q34.1","gpos75","#949494"
"231","chr4",175400001,176600000,"q34.2","gneg","#FFFFFF"
"232","chr4",176600001,182300000,"q34.3","gpos100","#000000"
"233","chr4",182300001,186200000,"q35.1","gneg","#FFFFFF"
"234","chr4",186200001,190214555,"q35.2","gpos25","#D3D3D3"
"235","chr5",1,4400000,"p15.33","gneg","#FFFFFF"
"236","chr5",4400001,6300000,"p15.32","gpos25","#D3D3D3"
"237","chr5",6300001,9900000,"p15.31","gneg","#FFFFFF"
"238","chr5",9900001,15000000,"p15.2","gpos50","#BEBEBE"
"239","chr5",15000001,18400000,"p15.1","gneg","#FFFFFF"
"240","chr5",18400001,23300000,"p14.3","gpos100","#000000"
"241","chr5",23300001,24600000,"p14.2","gneg","#FFFFFF"
"242","chr5",24600001,28900000,"p14.1","gpos100","#000000"
"243","chr5",28900001,33800000,"p13.3","gneg","#FFFFFF"
"244","chr5",33800001,38400000,"p13.2","gpos25","#D3D3D3"
"245","chr5",38400001,42500000,"p13.1","gneg","#FFFFFF"
"246","chr5",42500001,46100000,"p12","gpos50","#BEBEBE"
"247","chr5",46100001,48800000,"p11","acen","#EBECF0"
"248","chr5",48800001,51400000,"q11.1","acen","#EBECF0"
"249","chr5",51400001,59600000,"q11.2","gneg","#FFFFFF"
"250","chr5",59600001,63600000,"q12.1","gpos75","#949494"
"251","chr5",63600001,63900000,"q12.2","gneg","#FFFFFF"
"252","chr5",63900001,67400000,"q12.3","gpos75","#949494"
"253","chr5",67400001,69100000,"q13.1","gneg","#FFFFFF"
"254","chr5",69100001,74000000,"q13.2","gpos50","#BEBEBE"
"255","chr5",74000001,77600000,"q13.3","gneg","#FFFFFF"
"256","chr5",77600001,82100000,"q14.1","gpos50","#BEBEBE"
"257","chr5",82100001,83500000,"q14.2","gneg","#FFFFFF"
"258","chr5",83500001,93000000,"q14.3","gpos100","#000000"
"259","chr5",93000001,98900000,"q15","gneg","#FFFFFF"
"260","chr5",98900001,103400000,"q21.1","gpos100","#000000"
"261","chr5",103400001,105100000,"q21.2","gneg","#FFFFFF"
"262","chr5",105100001,110200000,"q21.3","gpos100","#000000"
"263","chr5",110200001,112200000,"q22.1","gneg","#FFFFFF"
"264","chr5",112200001,113800000,"q22.2","gpos50","#BEBEBE"
"265","chr5",113800001,115900000,"q22.3","gneg","#FFFFFF"
"266","chr5",115900001,122100000,"q23.1","gpos100","#000000"
"267","chr5",122100001,127900000,"q23.2","gneg","#FFFFFF"
"268","chr5",127900001,131200000,"q23.3","gpos100","#000000"
"269","chr5",131200001,136900000,"q31.1","gneg","#FFFFFF"
"270","chr5",136900001,140100000,"q31.2","gpos25","#D3D3D3"
"271","chr5",140100001,145100000,"q31.3","gneg","#FFFFFF"
"272","chr5",145100001,150400000,"q32","gpos75","#949494"
"273","chr5",150400001,153300000,"q33.1","gneg","#FFFFFF"
"274","chr5",153300001,156300000,"q33.2","gpos50","#BEBEBE"
"275","chr5",156300001,160500000,"q33.3","gneg","#FFFFFF"
"276","chr5",160500001,169000000,"q34","gpos100","#000000"
"277","chr5",169000001,173300000,"q35.1","gneg","#FFFFFF"
"278","chr5",173300001,177100000,"q35.2","gpos25","#D3D3D3"
"279","chr5",177100001,181538259,"q35.3","gneg","#FFFFFF"
"280","chr6",1,2300000,"p25.3","gneg","#FFFFFF"
"281","chr6",2300001,4200000,"p25.2","gpos25","#D3D3D3"
"282","chr6",4200001,7100000,"p25.1","gneg","#FFFFFF"
"283","chr6",7100001,10600000,"p24.3","gpos50","#BEBEBE"
"284","chr6",10600001,11600000,"p24.2","gneg","#FFFFFF"
"285","chr6",11600001,13400000,"p24.1","gpos25","#D3D3D3"
"286","chr6",13400001,15200000,"p23","gneg","#FFFFFF"
"287","chr6",15200001,25200000,"p22.3","gpos75","#949494"
"288","chr6",25200001,27100000,"p22.2","gneg","#FFFFFF"
"289","chr6",27100001,30500000,"p22.1","gpos50","#BEBEBE"
"290","chr6",30500001,32100000,"p21.33","gneg","#FFFFFF"
"291","chr6",32100001,33500000,"p21.32","gpos25","#D3D3D3"
"292","chr6",33500001,36600000,"p21.31","gneg","#FFFFFF"
"293","chr6",36600001,40500000,"p21.2","gpos25","#D3D3D3"
"294","chr6",40500001,46200000,"p21.1","gneg","#FFFFFF"
"295","chr6",46200001,51800000,"p12.3","gpos100","#000000"
"296","chr6",51800001,53000000,"p12.2","gneg","#FFFFFF"
"297","chr6",53000001,57200000,"p12.1","gpos100","#000000"
"298","chr6",57200001,58500000,"p11.2","gneg","#FFFFFF"
"299","chr6",58500001,59800000,"p11.1","acen","#EBECF0"
"300","chr6",59800001,62600000,"q11.1","acen","#EBECF0"
"301","chr6",62600001,62700000,"q11.2","gneg","#FFFFFF"
"302","chr6",62700001,69200000,"q12","gpos100","#000000"
"303","chr6",69200001,75200000,"q13","gneg","#FFFFFF"
"304","chr6",75200001,83200000,"q14.1","gpos50","#BEBEBE"
"305","chr6",83200001,84200000,"q14.2","gneg","#FFFFFF"
"306","chr6",84200001,87300000,"q14.3","gpos50","#BEBEBE"
"307","chr6",87300001,92500000,"q15","gneg","#FFFFFF"
"308","chr6",92500001,98900000,"q16.1","gpos100","#000000"
"309","chr6",98900001,100000000,"q16.2","gneg","#FFFFFF"
"310","chr6",100000001,105000000,"q16.3","gpos100","#000000"
"311","chr6",105000001,114200000,"q21","gneg","#FFFFFF"
"312","chr6",114200001,117900000,"q22.1","gpos75","#949494"
"313","chr6",117900001,118100000,"q22.2","gneg","#FFFFFF"
"314","chr6",118100001,125800000,"q22.31","gpos100","#000000"
"315","chr6",125800001,126800000,"q22.32","gneg","#FFFFFF"
"316","chr6",126800001,130000000,"q22.33","gpos75","#949494"
"317","chr6",130000001,130900000,"q23.1","gneg","#FFFFFF"
"318","chr6",130900001,134700000,"q23.2","gpos50","#BEBEBE"
"319","chr6",134700001,138300000,"q23.3","gneg","#FFFFFF"
"320","chr6",138300001,142200000,"q24.1","gpos75","#949494"
"321","chr6",142200001,145100000,"q24.2","gneg","#FFFFFF"
"322","chr6",145100001,148500000,"q24.3","gpos75","#949494"
"323","chr6",148500001,152100000,"q25.1","gneg","#FFFFFF"
"324","chr6",152100001,155200000,"q25.2","gpos50","#BEBEBE"
"325","chr6",155200001,160600000,"q25.3","gneg","#FFFFFF"
"326","chr6",160600001,164100000,"q26","gpos50","#BEBEBE"
"327","chr6",164100001,170805979,"q27","gneg","#FFFFFF"
"328","chr7",1,2800000,"p22.3","gneg","#FFFFFF"
"329","chr7",2800001,4500000,"p22.2","gpos25","#D3D3D3"
"330","chr7",4500001,7200000,"p22.1","gneg","#FFFFFF"
"331","chr7",7200001,13700000,"p21.3","gpos100","#000000"
"332","chr7",13700001,16500000,"p21.2","gneg","#FFFFFF"
"333","chr7",16500001,20900000,"p21.1","gpos100","#000000"
"334","chr7",20900001,25500000,"p15.3","gneg","#FFFFFF"
"335","chr7",25500001,27900000,"p15.2","gpos50","#BEBEBE"
"336","chr7",27900001,28800000,"p15.1","gneg","#FFFFFF"
"337","chr7",28800001,34900000,"p14.3","gpos75","#949494"
"338","chr7",34900001,37100000,"p14.2","gneg","#FFFFFF"
"339","chr7",37100001,43300000,"p14.1","gpos75","#949494"
"340","chr7",43300001,45400000,"p13","gneg","#FFFFFF"
"341","chr7",45400001,49000000,"p12.3","gpos75","#949494"
"342","chr7",49000001,50500000,"p12.2","gneg","#FFFFFF"
"343","chr7",50500001,53900000,"p12.1","gpos75","#949494"
"344","chr7",53900001,58100000,"p11.2","gneg","#FFFFFF"
"345","chr7",58100001,60100000,"p11.1","acen","#EBECF0"
"346","chr7",60100001,62100000,"q11.1","acen","#EBECF0"
"347","chr7",62100001,67500000,"q11.21","gneg","#FFFFFF"
"348","chr7",67500001,72700000,"q11.22","gpos50","#BEBEBE"
"349","chr7",72700001,77900000,"q11.23","gneg","#FFFFFF"
"350","chr7",77900001,86700000,"q21.11","gpos100","#000000"
"351","chr7",86700001,88500000,"q21.12","gneg","#FFFFFF"
"352","chr7",88500001,91500000,"q21.13","gpos75","#949494"
"353","chr7",91500001,93300000,"q21.2","gneg","#FFFFFF"
"354","chr7",93300001,98400000,"q21.3","gpos75","#949494"
"355","chr7",98400001,104200000,"q22.1","gneg","#FFFFFF"
"356","chr7",104200001,104900000,"q22.2","gpos50","#BEBEBE"
"357","chr7",104900001,107800000,"q22.3","gneg","#FFFFFF"
"358","chr7",107800001,115000000,"q31.1","gpos75","#949494"
"359","chr7",115000001,117700000,"q31.2","gneg","#FFFFFF"
"360","chr7",117700001,121400000,"q31.31","gpos75","#949494"
"361","chr7",121400001,124100000,"q31.32","gneg","#FFFFFF"
"362","chr7",124100001,127500000,"q31.33","gpos75","#949494"
"363","chr7",127500001,129600000,"q32.1","gneg","#FFFFFF"
"364","chr7",129600001,130800000,"q32.2","gpos25","#D3D3D3"
"365","chr7",130800001,132900000,"q32.3","gneg","#FFFFFF"
"366","chr7",132900001,138500000,"q33","gpos50","#BEBEBE"
"367","chr7",138500001,143400000,"q34","gneg","#FFFFFF"
"368","chr7",143400001,148200000,"q35","gpos75","#949494"
"369","chr7",148200001,152800000,"q36.1","gneg","#FFFFFF"
"370","chr7",152800001,155200000,"q36.2","gpos25","#D3D3D3"
"371","chr7",155200001,159345973,"q36.3","gneg","#FFFFFF"
"372","chr8",1,2300000,"p23.3","gneg","#FFFFFF"
"373","chr8",2300001,6300000,"p23.2","gpos75","#949494"
"374","chr8",6300001,12800000,"p23.1","gneg","#FFFFFF"
"375","chr8",12800001,19200000,"p22","gpos100","#000000"
"376","chr8",19200001,23500000,"p21.3","gneg","#FFFFFF"
"377","chr8",23500001,27500000,"p21.2","gpos50","#BEBEBE"
"378","chr8",27500001,29000000,"p21.1","gneg","#FFFFFF"
"379","chr8",29000001,36700000,"p12","gpos75","#949494"
"380","chr8",36700001,38500000,"p11.23","gneg","#FFFFFF"
"381","chr8",38500001,39900000,"p11.22","gpos25","#D3D3D3"
"382","chr8",39900001,43200000,"p11.21","gneg","#FFFFFF"
"383","chr8",43200001,45200000,"p11.1","acen","#EBECF0"
"384","chr8",45200001,47200000,"q11.1","acen","#EBECF0"
"385","chr8",47200001,51300000,"q11.21","gneg","#FFFFFF"
"386","chr8",51300001,51700000,"q11.22","gpos75","#949494"
"387","chr8",51700001,54600000,"q11.23","gneg","#FFFFFF"
"388","chr8",54600001,60600000,"q12.1","gpos50","#BEBEBE"
"389","chr8",60600001,61300000,"q12.2","gneg","#FFFFFF"
"390","chr8",61300001,65100000,"q12.3","gpos50","#BEBEBE"
"391","chr8",65100001,67100000,"q13.1","gneg","#FFFFFF"
"392","chr8",67100001,69600000,"q13.2","gpos50","#BEBEBE"
"393","chr8",69600001,72000000,"q13.3","gneg","#FFFFFF"
"394","chr8",72000001,74600000,"q21.11","gpos100","#000000"
"395","chr8",74600001,74700000,"q21.12","gneg","#FFFFFF"
"396","chr8",74700001,83500000,"q21.13","gpos75","#949494"
"397","chr8",83500001,85900000,"q21.2","gneg","#FFFFFF"
"398","chr8",85900001,92300000,"q21.3","gpos100","#000000"
"399","chr8",92300001,97900000,"q22.1","gneg","#FFFFFF"
"400","chr8",97900001,100500000,"q22.2","gpos25","#D3D3D3"
"401","chr8",100500001,105100000,"q22.3","gneg","#FFFFFF"
"402","chr8",105100001,109500000,"q23.1","gpos75","#949494"
"403","chr8",109500001,111100000,"q23.2","gneg","#FFFFFF"
"404","chr8",111100001,116700000,"q23.3","gpos100","#000000"
"405","chr8",116700001,118300000,"q24.11","gneg","#FFFFFF"
"406","chr8",118300001,121500000,"q24.12","gpos50","#BEBEBE"
"407","chr8",121500001,126300000,"q24.13","gneg","#FFFFFF"
"408","chr8",126300001,130400000,"q24.21","gpos50","#BEBEBE"
"409","chr8",130400001,135400000,"q24.22","gneg","#FFFFFF"
"410","chr8",135400001,138900000,"q24.23","gpos75","#949494"
"411","chr8",138900001,145138636,"q24.3","gneg","#FFFFFF"
"412","chr9",1,2200000,"p24.3","gneg","#FFFFFF"
"413","chr9",2200001,4600000,"p24.2","gpos25","#D3D3D3"
"414","chr9",4600001,9000000,"p24.1","gneg","#FFFFFF"
"415","chr9",9000001,14200000,"p23","gpos75","#949494"
"416","chr9",14200001,16600000,"p22.3","gneg","#FFFFFF"
"417","chr9",16600001,18500000,"p22.2","gpos25","#D3D3D3"
"418","chr9",18500001,19900000,"p22.1","gneg","#FFFFFF"
"419","chr9",19900001,25600000,"p21.3","gpos100","#000000"
"420","chr9",25600001,28000000,"p21.2","gneg","#FFFFFF"
"421","chr9",28000001,33200000,"p21.1","gpos100","#000000"
"422","chr9",33200001,36300000,"p13.3","gneg","#FFFFFF"
"423","chr9",36300001,37900000,"p13.2","gpos25","#D3D3D3"
"424","chr9",37900001,39000000,"p13.1","gneg","#FFFFFF"
"425","chr9",39000001,40000000,"p12","gpos50","#BEBEBE"
"426","chr9",40000001,42200000,"p11.2","gneg","#FFFFFF"
"427","chr9",42200001,43000000,"p11.1","acen","#EBECF0"
"428","chr9",43000001,45500000,"q11","acen","#EBECF0"
"429","chr9",45500001,61500000,"q12","gvar","#FFFFFF"
"430","chr9",61500001,65000000,"q13","gneg","#FFFFFF"
"431","chr9",65000001,69300000,"q21.11","gpos25","#D3D3D3"
"432","chr9",69300001,71300000,"q21.12","gneg","#FFFFFF"
"433","chr9",71300001,76600000,"q21.13","gpos50","#BEBEBE"
"434","chr9",76600001,78500000,"q21.2","gneg","#FFFFFF"
"435","chr9",78500001,81500000,"q21.31","gpos50","#BEBEBE"
"436","chr9",81500001,84300000,"q21.32","gneg","#FFFFFF"
"437","chr9",84300001,87800000,"q21.33","gpos50","#BEBEBE"
"438","chr9",87800001,89200000,"q22.1","gneg","#FFFFFF"
"439","chr9",89200001,91200000,"q22.2","gpos25","#D3D3D3"
"440","chr9",91200001,93900000,"q22.31","gneg","#FFFFFF"
"441","chr9",93900001,96500000,"q22.32","gpos25","#D3D3D3"
"442","chr9",96500001,99800000,"q22.33","gneg","#FFFFFF"
"443","chr9",99800001,105400000,"q31.1","gpos100","#000000"
"444","chr9",105400001,108500000,"q31.2","gneg","#FFFFFF"
"445","chr9",108500001,112100000,"q31.3","gpos25","#D3D3D3"
"446","chr9",112100001,114900000,"q32","gneg","#FFFFFF"
"447","chr9",114900001,119800000,"q33.1","gpos75","#949494"
"448","chr9",119800001,123100000,"q33.2","gneg","#FFFFFF"
"449","chr9",123100001,127500000,"q33.3","gpos25","#D3D3D3"
"450","chr9",127500001,130600000,"q34.11","gneg","#FFFFFF"
"451","chr9",130600001,131100000,"q34.12","gpos25","#D3D3D3"
"452","chr9",131100001,133100000,"q34.13","gneg","#FFFFFF"
"453","chr9",133100001,134500000,"q34.2","gpos25","#D3D3D3"
"454","chr9",134500001,138394717,"q34.3","gneg","#FFFFFF"
"455","chrM",1,16569,"","gneg","#FFFFFF"
"456","chrX",1,4400000,"p22.33","gneg","#FFFFFF"
"457","chrX",4400001,6100000,"p22.32","gpos50","#BEBEBE"
"458","chrX",6100001,9600000,"p22.31","gneg","#FFFFFF"
"459","chrX",9600001,17400000,"p22.2","gpos50","#BEBEBE"
"460","chrX",17400001,19200000,"p22.13","gneg","#FFFFFF"
"461","chrX",19200001,21900000,"p22.12","gpos50","#BEBEBE"
"462","chrX",21900001,24900000,"p22.11","gneg","#FFFFFF"
"463","chrX",24900001,29300000,"p21.3","gpos100","#000000"
"464","chrX",29300001,31500000,"p21.2","gneg","#FFFFFF"
"465","chrX",31500001,37800000,"p21.1","gpos100","#000000"
"466","chrX",37800001,42500000,"p11.4","gneg","#FFFFFF"
"467","chrX",42500001,47600000,"p11.3","gpos75","#949494"
"468","chrX",47600001,50100000,"p11.23","gneg","#FFFFFF"
"469","chrX",50100001,54800000,"p11.22","gpos25","#D3D3D3"
"470","chrX",54800001,58100000,"p11.21","gneg","#FFFFFF"
"471","chrX",58100001,61000000,"p11.1","acen","#EBECF0"
"472","chrX",61000001,63800000,"q11.1","acen","#EBECF0"
"473","chrX",63800001,65400000,"q11.2","gneg","#FFFFFF"
"474","chrX",65400001,68500000,"q12","gpos50","#BEBEBE"
"475","chrX",68500001,73000000,"q13.1","gneg","#FFFFFF"
"476","chrX",73000001,74700000,"q13.2","gpos50","#BEBEBE"
"477","chrX",74700001,76800000,"q13.3","gneg","#FFFFFF"
"478","chrX",76800001,85400000,"q21.1","gpos100","#000000"
"479","chrX",85400001,87000000,"q21.2","gneg","#FFFFFF"
"480","chrX",87000001,92700000,"q21.31","gpos100","#000000"
"481","chrX",92700001,94300000,"q21.32","gneg","#FFFFFF"
"482","chrX",94300001,99100000,"q21.33","gpos75","#949494"
"483","chrX",99100001,103300000,"q22.1","gneg","#FFFFFF"
"484","chrX",103300001,104500000,"q22.2","gpos50","#BEBEBE"
"485","chrX",104500001,109400000,"q22.3","gneg","#FFFFFF"
"486","chrX",109400001,117400000,"q23","gpos75","#949494"
"487","chrX",117400001,121800000,"q24","gneg","#FFFFFF"
"488","chrX",121800001,129500000,"q25","gpos100","#000000"
"489","chrX",129500001,131300000,"q26.1","gneg","#FFFFFF"
"490","chrX",131300001,134500000,"q26.2","gpos25","#D3D3D3"
"491","chrX",134500001,138900000,"q26.3","gneg","#FFFFFF"
"492","chrX",138900001,141200000,"q27.1","gpos75","#949494"
"493","chrX",141200001,143000000,"q27.2","gneg","#FFFFFF"
"494","chrX",143000001,148000000,"q27.3","gpos100","#000000"
"495","chrX",148000001,156040895,"q28","gneg","#FFFFFF"
"496","chrY",1,300000,"p11.32","gneg","#FFFFFF"
"497","chrY",300001,600000,"p11.31","gpos50","#BEBEBE"
"498","chrY",600001,10300000,"p11.2","gneg","#FFFFFF"
"499","chrY",10300001,10400000,"p11.1","acen","#EBECF0"
"500","chrY",10400001,10600000,"q11.1","acen","#EBECF0"
"501","chrY",10600001,12400000,"q11.21","gneg","#FFFFFF"
"502","chrY",12400001,17100000,"q11.221","gpos50","#BEBEBE"
"503","chrY",17100001,19600000,"q11.222","gneg","#FFFFFF"
"504","chrY",19600001,23800000,"q11.223","gpos50","#BEBEBE"
"505","chrY",23800001,26600000,"q11.23","gneg","#FFFFFF"
"506","chrY",26600001,57227415,"q12","gvar","#FFFFFF"
"507","chr10",1,3000000,"p15.3","gneg","#FFFFFF"
"508","chr10",3000001,3800000,"p15.2","gpos25","#D3D3D3"
"509","chr10",3800001,6600000,"p15.1","gneg","#FFFFFF"
"510","chr10",6600001,12200000,"p14","gpos75","#949494"
"511","chr10",12200001,17300000,"p13","gneg","#FFFFFF"
"512","chr10",17300001,18300000,"p12.33","gpos75","#949494"
"513","chr10",18300001,18400000,"p12.32","gneg","#FFFFFF"
"514","chr10",18400001,22300000,"p12.31","gpos75","#949494"
"515","chr10",22300001,24300000,"p12.2","gneg","#FFFFFF"
"516","chr10",24300001,29300000,"p12.1","gpos50","#BEBEBE"
"517","chr10",29300001,31100000,"p11.23","gneg","#FFFFFF"
"518","chr10",31100001,34200000,"p11.22","gpos25","#D3D3D3"
"519","chr10",34200001,38000000,"p11.21","gneg","#FFFFFF"
"520","chr10",38000001,39800000,"p11.1","acen","#EBECF0"
"521","chr10",39800001,41600000,"q11.1","acen","#EBECF0"
"522","chr10",41600001,45500000,"q11.21","gneg","#FFFFFF"
"523","chr10",45500001,48600000,"q11.22","gpos25","#D3D3D3"
"524","chr10",48600001,51100000,"q11.23","gneg","#FFFFFF"
"525","chr10",51100001,59400000,"q21.1","gpos100","#000000"
"526","chr10",59400001,62800000,"q21.2","gneg","#FFFFFF"
"527","chr10",62800001,68800000,"q21.3","gpos100","#000000"
"528","chr10",68800001,73100000,"q22.1","gneg","#FFFFFF"
"529","chr10",73100001,75900000,"q22.2","gpos50","#BEBEBE"
"530","chr10",75900001,80300000,"q22.3","gneg","#FFFFFF"
"531","chr10",80300001,86100000,"q23.1","gpos100","#000000"
"532","chr10",86100001,87700000,"q23.2","gneg","#FFFFFF"
"533","chr10",87700001,91100000,"q23.31","gpos75","#949494"
"534","chr10",91100001,92300000,"q23.32","gneg","#FFFFFF"
"535","chr10",92300001,95300000,"q23.33","gpos50","#BEBEBE"
"536","chr10",95300001,97500000,"q24.1","gneg","#FFFFFF"
"537","chr10",97500001,100100000,"q24.2","gpos50","#BEBEBE"
"538","chr10",100100001,101200000,"q24.31","gneg","#FFFFFF"
"539","chr10",101200001,103100000,"q24.32","gpos25","#D3D3D3"
"540","chr10",103100001,104000000,"q24.33","gneg","#FFFFFF"
"541","chr10",104000001,110100000,"q25.1","gpos100","#000000"
"542","chr10",110100001,113100000,"q25.2","gneg","#FFFFFF"
"543","chr10",113100001,117300000,"q25.3","gpos75","#949494"
"544","chr10",117300001,119900000,"q26.11","gneg","#FFFFFF"
"545","chr10",119900001,121400000,"q26.12","gpos50","#BEBEBE"
"546","chr10",121400001,125700000,"q26.13","gneg","#FFFFFF"
"547","chr10",125700001,128800000,"q26.2","gpos50","#BEBEBE"
"548","chr10",128800001,133797422,"q26.3","gneg","#FFFFFF"
"549","chr11",1,2800000,"p15.5","gneg","#FFFFFF"
"550","chr11",2800001,11700000,"p15.4","gpos50","#BEBEBE"
"551","chr11",11700001,13800000,"p15.3","gneg","#FFFFFF"
"552","chr11",13800001,16900000,"p15.2","gpos50","#BEBEBE"
"553","chr11",16900001,22000000,"p15.1","gneg","#FFFFFF"
"554","chr11",22000001,26200000,"p14.3","gpos100","#000000"
"555","chr11",26200001,27200000,"p14.2","gneg","#FFFFFF"
"556","chr11",27200001,31000000,"p14.1","gpos75","#949494"
"557","chr11",31000001,36400000,"p13","gneg","#FFFFFF"
"558","chr11",36400001,43400000,"p12","gpos100","#000000"
"559","chr11",43400001,48800000,"p11.2","gneg","#FFFFFF"
"560","chr11",48800001,51000000,"p11.12","gpos75","#949494"
"561","chr11",51000001,53400000,"p11.11","acen","#EBECF0"
"562","chr11",53400001,55800000,"q11","acen","#EBECF0"
"563","chr11",55800001,60100000,"q12.1","gpos75","#949494"
"564","chr11",60100001,61900000,"q12.2","gneg","#FFFFFF"
"565","chr11",61900001,63600000,"q12.3","gpos25","#D3D3D3"
"566","chr11",63600001,66100000,"q13.1","gneg","#FFFFFF"
"567","chr11",66100001,68700000,"q13.2","gpos25","#D3D3D3"
"568","chr11",68700001,70500000,"q13.3","gneg","#FFFFFF"
"569","chr11",70500001,75500000,"q13.4","gpos50","#BEBEBE"
"570","chr11",75500001,77400000,"q13.5","gneg","#FFFFFF"
"571","chr11",77400001,85900000,"q14.1","gpos100","#000000"
"572","chr11",85900001,88600000,"q14.2","gneg","#FFFFFF"
"573","chr11",88600001,93000000,"q14.3","gpos100","#000000"
"574","chr11",93000001,97400000,"q21","gneg","#FFFFFF"
"575","chr11",97400001,102300000,"q22.1","gpos100","#000000"
"576","chr11",102300001,103000000,"q22.2","gneg","#FFFFFF"
"577","chr11",103000001,110600000,"q22.3","gpos100","#000000"
"578","chr11",110600001,112700000,"q23.1","gneg","#FFFFFF"
"579","chr11",112700001,114600000,"q23.2","gpos50","#BEBEBE"
"580","chr11",114600001,121300000,"q23.3","gneg","#FFFFFF"
"581","chr11",121300001,124000000,"q24.1","gpos50","#BEBEBE"
"582","chr11",124000001,127900000,"q24.2","gneg","#FFFFFF"
"583","chr11",127900001,130900000,"q24.3","gpos50","#BEBEBE"
"584","chr11",130900001,135086622,"q25","gneg","#FFFFFF"
"585","chr12",1,3200000,"p13.33","gneg","#FFFFFF"
"586","chr12",3200001,5300000,"p13.32","gpos25","#D3D3D3"
"587","chr12",5300001,10000000,"p13.31","gneg","#FFFFFF"
"588","chr12",10000001,12600000,"p13.2","gpos75","#949494"
"589","chr12",12600001,14600000,"p13.1","gneg","#FFFFFF"
"590","chr12",14600001,19800000,"p12.3","gpos100","#000000"
"591","chr12",19800001,21100000,"p12.2","gneg","#FFFFFF"
"592","chr12",21100001,26300000,"p12.1","gpos100","#000000"
"593","chr12",26300001,27600000,"p11.23","gneg","#FFFFFF"
"594","chr12",27600001,30500000,"p11.22","gpos50","#BEBEBE"
"595","chr12",30500001,33200000,"p11.21","gneg","#FFFFFF"
"596","chr12",33200001,35500000,"p11.1","acen","#EBECF0"
"597","chr12",35500001,37800000,"q11","acen","#EBECF0"
"598","chr12",37800001,46000000,"q12","gpos100","#000000"
"599","chr12",46000001,48700000,"q13.11","gneg","#FFFFFF"
"600","chr12",48700001,51100000,"q13.12","gpos25","#D3D3D3"
"601","chr12",51100001,54500000,"q13.13","gneg","#FFFFFF"
"602","chr12",54500001,56200000,"q13.2","gpos25","#D3D3D3"
"603","chr12",56200001,57700000,"q13.3","gneg","#FFFFFF"
"604","chr12",57700001,62700000,"q14.1","gpos75","#949494"
"605","chr12",62700001,64700000,"q14.2","gneg","#FFFFFF"
"606","chr12",64700001,67300000,"q14.3","gpos50","#BEBEBE"
"607","chr12",67300001,71100000,"q15","gneg","#FFFFFF"
"608","chr12",71100001,75300000,"q21.1","gpos75","#949494"
"609","chr12",75300001,79900000,"q21.2","gneg","#FFFFFF"
"610","chr12",79900001,86300000,"q21.31","gpos100","#000000"
"611","chr12",86300001,88600000,"q21.32","gneg","#FFFFFF"
"612","chr12",88600001,92200000,"q21.33","gpos100","#000000"
"613","chr12",92200001,95800000,"q22","gneg","#FFFFFF"
"614","chr12",95800001,101200000,"q23.1","gpos75","#949494"
"615","chr12",101200001,103500000,"q23.2","gneg","#FFFFFF"
"616","chr12",103500001,108600000,"q23.3","gpos50","#BEBEBE"
"617","chr12",108600001,111300000,"q24.11","gneg","#FFFFFF"
"618","chr12",111300001,111900000,"q24.12","gpos25","#D3D3D3"
"619","chr12",111900001,113900000,"q24.13","gneg","#FFFFFF"
"620","chr12",113900001,116400000,"q24.21","gpos50","#BEBEBE"
"621","chr12",116400001,117700000,"q24.22","gneg","#FFFFFF"
"622","chr12",117700001,120300000,"q24.23","gpos50","#BEBEBE"
"623","chr12",120300001,125400000,"q24.31","gneg","#FFFFFF"
"624","chr12",125400001,128700000,"q24.32","gpos50","#BEBEBE"
"625","chr12",128700001,133275309,"q24.33","gneg","#FFFFFF"
"626","chr13",1,4600000,"p13","gvar","#FFFFFF"
"627","chr13",4600001,10100000,"p12","stalk","#FFFFFF"
"628","chr13",10100001,16500000,"p11.2","gvar","#FFFFFF"
"629","chr13",16500001,17700000,"p11.1","acen","#EBECF0"
"630","chr13",17700001,18900000,"q11","acen","#EBECF0"
"631","chr13",18900001,22600000,"q12.11","gneg","#FFFFFF"
"632","chr13",22600001,24900000,"q12.12","gpos25","#D3D3D3"
"633","chr13",24900001,27200000,"q12.13","gneg","#FFFFFF"
"634","chr13",27200001,28300000,"q12.2","gpos25","#D3D3D3"
"635","chr13",28300001,31600000,"q12.3","gneg","#FFFFFF"
"636","chr13",31600001,33400000,"q13.1","gpos50","#BEBEBE"
"637","chr13",33400001,34900000,"q13.2","gneg","#FFFFFF"
"638","chr13",34900001,39500000,"q13.3","gpos75","#949494"
"639","chr13",39500001,44600000,"q14.11","gneg","#FFFFFF"
"640","chr13",44600001,45200000,"q14.12","gpos25","#D3D3D3"
"641","chr13",45200001,46700000,"q14.13","gneg","#FFFFFF"
"642","chr13",46700001,50300000,"q14.2","gpos50","#BEBEBE"
"643","chr13",50300001,54700000,"q14.3","gneg","#FFFFFF"
"644","chr13",54700001,59000000,"q21.1","gpos100","#000000"
"645","chr13",59000001,61800000,"q21.2","gneg","#FFFFFF"
"646","chr13",61800001,65200000,"q21.31","gpos75","#949494"
"647","chr13",65200001,68100000,"q21.32","gneg","#FFFFFF"
"648","chr13",68100001,72800000,"q21.33","gpos100","#000000"
"649","chr13",72800001,74900000,"q22.1","gneg","#FFFFFF"
"650","chr13",74900001,76700000,"q22.2","gpos50","#BEBEBE"
"651","chr13",76700001,78500000,"q22.3","gneg","#FFFFFF"
"652","chr13",78500001,87100000,"q31.1","gpos100","#000000"
"653","chr13",87100001,89400000,"q31.2","gneg","#FFFFFF"
"654","chr13",89400001,94400000,"q31.3","gpos100","#000000"
"655","chr13",94400001,97500000,"q32.1","gneg","#FFFFFF"
"656","chr13",97500001,98700000,"q32.2","gpos25","#D3D3D3"
"657","chr13",98700001,101100000,"q32.3","gneg","#FFFFFF"
"658","chr13",101100001,104200000,"q33.1","gpos100","#000000"
"659","chr13",104200001,106400000,"q33.2","gneg","#FFFFFF"
"660","chr13",106400001,109600000,"q33.3","gpos100","#000000"
"661","chr13",109600001,114364328,"q34","gneg","#FFFFFF"
"662","chr14",1,3600000,"p13","gvar","#FFFFFF"
"663","chr14",3600001,8000000,"p12","stalk","#FFFFFF"
"664","chr14",8000001,16100000,"p11.2","gvar","#FFFFFF"
"665","chr14",16100001,17200000,"p11.1","acen","#EBECF0"
"666","chr14",17200001,18200000,"q11.1","acen","#EBECF0"
"667","chr14",18200001,24100000,"q11.2","gneg","#FFFFFF"
"668","chr14",24100001,32900000,"q12","gpos100","#000000"
"669","chr14",32900001,34800000,"q13.1","gneg","#FFFFFF"
"670","chr14",34800001,36100000,"q13.2","gpos50","#BEBEBE"
"671","chr14",36100001,37400000,"q13.3","gneg","#FFFFFF"
"672","chr14",37400001,43000000,"q21.1","gpos100","#000000"
"673","chr14",43000001,46700000,"q21.2","gneg","#FFFFFF"
"674","chr14",46700001,50400000,"q21.3","gpos100","#000000"
"675","chr14",50400001,53600000,"q22.1","gneg","#FFFFFF"
"676","chr14",53600001,55000000,"q22.2","gpos25","#D3D3D3"
"677","chr14",55000001,57600000,"q22.3","gneg","#FFFFFF"
"678","chr14",57600001,61600000,"q23.1","gpos75","#949494"
"679","chr14",61600001,64300000,"q23.2","gneg","#FFFFFF"
"680","chr14",64300001,67400000,"q23.3","gpos50","#BEBEBE"
"681","chr14",67400001,69800000,"q24.1","gneg","#FFFFFF"
"682","chr14",69800001,73300000,"q24.2","gpos50","#BEBEBE"
"683","chr14",73300001,78800000,"q24.3","gneg","#FFFFFF"
"684","chr14",78800001,83100000,"q31.1","gpos100","#000000"
"685","chr14",83100001,84400000,"q31.2","gneg","#FFFFFF"
"686","chr14",84400001,89300000,"q31.3","gpos100","#000000"
"687","chr14",89300001,91400000,"q32.11","gneg","#FFFFFF"
"688","chr14",91400001,94200000,"q32.12","gpos25","#D3D3D3"
"689","chr14",94200001,95800000,"q32.13","gneg","#FFFFFF"
"690","chr14",95800001,100900000,"q32.2","gpos50","#BEBEBE"
"691","chr14",100900001,102700000,"q32.31","gneg","#FFFFFF"
"692","chr14",102700001,103500000,"q32.32","gpos50","#BEBEBE"
"693","chr14",103500001,107043718,"q32.33","gneg","#FFFFFF"
"694","chr15",1,4200000,"p13","gvar","#FFFFFF"
"695","chr15",4200001,9700000,"p12","stalk","#FFFFFF"
"696","chr15",9700001,17500000,"p11.2","gvar","#FFFFFF"
"697","chr15",17500001,19000000,"p11.1","acen","#EBECF0"
"698","chr15",19000001,20500000,"q11.1","acen","#EBECF0"
"699","chr15",20500001,25500000,"q11.2","gneg","#FFFFFF"
"700","chr15",25500001,27800000,"q12","gpos50","#BEBEBE"
"701","chr15",27800001,30000000,"q13.1","gneg","#FFFFFF"
"702","chr15",30000001,30900000,"q13.2","gpos50","#BEBEBE"
"703","chr15",30900001,33400000,"q13.3","gneg","#FFFFFF"
"704","chr15",33400001,39800000,"q14","gpos75","#949494"
"705","chr15",39800001,42500000,"q15.1","gneg","#FFFFFF"
"706","chr15",42500001,43300000,"q15.2","gpos25","#D3D3D3"
"707","chr15",43300001,44500000,"q15.3","gneg","#FFFFFF"
"708","chr15",44500001,49200000,"q21.1","gpos75","#949494"
"709","chr15",49200001,52600000,"q21.2","gneg","#FFFFFF"
"710","chr15",52600001,58800000,"q21.3","gpos75","#949494"
"711","chr15",58800001,59000000,"q22.1","gneg","#FFFFFF"
"712","chr15",59000001,63400000,"q22.2","gpos25","#D3D3D3"
"713","chr15",63400001,66900000,"q22.31","gneg","#FFFFFF"
"714","chr15",66900001,67000000,"q22.32","gpos25","#D3D3D3"
"715","chr15",67000001,67200000,"q22.33","gneg","#FFFFFF"
"716","chr15",67200001,72400000,"q23","gpos25","#D3D3D3"
"717","chr15",72400001,74900000,"q24.1","gneg","#FFFFFF"
"718","chr15",74900001,76300000,"q24.2","gpos25","#D3D3D3"
"719","chr15",76300001,78000000,"q24.3","gneg","#FFFFFF"
"720","chr15",78000001,81400000,"q25.1","gpos50","#BEBEBE"
"721","chr15",81400001,84700000,"q25.2","gneg","#FFFFFF"
"722","chr15",84700001,88500000,"q25.3","gpos50","#BEBEBE"
"723","chr15",88500001,93800000,"q26.1","gneg","#FFFFFF"
"724","chr15",93800001,98000000,"q26.2","gpos50","#BEBEBE"
"725","chr15",98000001,101991189,"q26.3","gneg","#FFFFFF"
"726","chr16",1,7800000,"p13.3","gneg","#FFFFFF"
"727","chr16",7800001,10400000,"p13.2","gpos50","#BEBEBE"
"728","chr16",10400001,12500000,"p13.13","gneg","#FFFFFF"
"729","chr16",12500001,14700000,"p13.12","gpos50","#BEBEBE"
"730","chr16",14700001,16700000,"p13.11","gneg","#FFFFFF"
"731","chr16",16700001,21200000,"p12.3","gpos50","#BEBEBE"
"732","chr16",21200001,24200000,"p12.2","gneg","#FFFFFF"
"733","chr16",24200001,28500000,"p12.1","gpos50","#BEBEBE"
"734","chr16",28500001,35300000,"p11.2","gneg","#FFFFFF"
"735","chr16",35300001,36800000,"p11.1","acen","#EBECF0"
"736","chr16",36800001,38400000,"q11.1","acen","#EBECF0"
"737","chr16",38400001,47000000,"q11.2","gvar","#FFFFFF"
"738","chr16",47000001,52600000,"q12.1","gneg","#FFFFFF"
"739","chr16",52600001,56000000,"q12.2","gpos50","#BEBEBE"
"740","chr16",56000001,57300000,"q13","gneg","#FFFFFF"
"741","chr16",57300001,66600000,"q21","gpos100","#000000"
"742","chr16",66600001,70800000,"q22.1","gneg","#FFFFFF"
"743","chr16",70800001,72800000,"q22.2","gpos50","#BEBEBE"
"744","chr16",72800001,74100000,"q22.3","gneg","#FFFFFF"
"745","chr16",74100001,79200000,"q23.1","gpos75","#949494"
"746","chr16",79200001,81600000,"q23.2","gneg","#FFFFFF"
"747","chr16",81600001,84100000,"q23.3","gpos50","#BEBEBE"
"748","chr16",84100001,87000000,"q24.1","gneg","#FFFFFF"
"749","chr16",87000001,88700000,"q24.2","gpos25","#D3D3D3"
"750","chr16",88700001,90338345,"q24.3","gneg","#FFFFFF"
"751","chr17",1,3400000,"p13.3","gneg","#FFFFFF"
"752","chr17",3400001,6500000,"p13.2","gpos50","#BEBEBE"
"753","chr17",6500001,10800000,"p13.1","gneg","#FFFFFF"
"754","chr17",10800001,16100000,"p12","gpos75","#949494"
"755","chr17",16100001,22700000,"p11.2","gneg","#FFFFFF"
"756","chr17",22700001,25100000,"p11.1","acen","#EBECF0"
"757","chr17",25100001,27400000,"q11.1","acen","#EBECF0"
"758","chr17",27400001,33500000,"q11.2","gneg","#FFFFFF"
"759","chr17",33500001,39800000,"q12","gpos50","#BEBEBE"
"760","chr17",39800001,40200000,"q21.1","gneg","#FFFFFF"
"761","chr17",40200001,42800000,"q21.2","gpos25","#D3D3D3"
"762","chr17",42800001,46800000,"q21.31","gneg","#FFFFFF"
"763","chr17",46800001,49300000,"q21.32","gpos25","#D3D3D3"
"764","chr17",49300001,52100000,"q21.33","gneg","#FFFFFF"
"765","chr17",52100001,59500000,"q22","gpos75","#949494"
"766","chr17",59500001,60200000,"q23.1","gneg","#FFFFFF"
"767","chr17",60200001,63100000,"q23.2","gpos75","#949494"
"768","chr17",63100001,64600000,"q23.3","gneg","#FFFFFF"
"769","chr17",64600001,66200000,"q24.1","gpos50","#BEBEBE"
"770","chr17",66200001,69100000,"q24.2","gneg","#FFFFFF"
"771","chr17",69100001,72900000,"q24.3","gpos75","#949494"
"772","chr17",72900001,76800000,"q25.1","gneg","#FFFFFF"
"773","chr17",76800001,77200000,"q25.2","gpos25","#D3D3D3"
"774","chr17",77200001,83257441,"q25.3","gneg","#FFFFFF"
"775","chr18",1,2900000,"p11.32","gneg","#FFFFFF"
"776","chr18",2900001,7200000,"p11.31","gpos50","#BEBEBE"
"777","chr18",7200001,8500000,"p11.23","gneg","#FFFFFF"
"778","chr18",8500001,10900000,"p11.22","gpos25","#D3D3D3"
"779","chr18",10900001,15400000,"p11.21","gneg","#FFFFFF"
"780","chr18",15400001,18500000,"p11.1","acen","#EBECF0"
"781","chr18",18500001,21500000,"q11.1","acen","#EBECF0"
"782","chr18",21500001,27500000,"q11.2","gneg","#FFFFFF"
"783","chr18",27500001,35100000,"q12.1","gpos100","#000000"
"784","chr18",35100001,39500000,"q12.2","gneg","#FFFFFF"
"785","chr18",39500001,45900000,"q12.3","gpos75","#949494"
"786","chr18",45900001,50700000,"q21.1","gneg","#FFFFFF"
"787","chr18",50700001,56200000,"q21.2","gpos75","#949494"
"788","chr18",56200001,58600000,"q21.31","gneg","#FFFFFF"
"789","chr18",58600001,61300000,"q21.32","gpos50","#BEBEBE"
"790","chr18",61300001,63900000,"q21.33","gneg","#FFFFFF"
"791","chr18",63900001,69100000,"q22.1","gpos100","#000000"
"792","chr18",69100001,71000000,"q22.2","gneg","#FFFFFF"
"793","chr18",71000001,75400000,"q22.3","gpos25","#D3D3D3"
"794","chr18",75400001,80373285,"q23","gneg","#FFFFFF"
"795","chr19",1,6900000,"p13.3","gneg","#FFFFFF"
"796","chr19",6900001,12600000,"p13.2","gpos25","#D3D3D3"
"797","chr19",12600001,13800000,"p13.13","gneg","#FFFFFF"
"798","chr19",13800001,16100000,"p13.12","gpos25","#D3D3D3"
"799","chr19",16100001,19900000,"p13.11","gneg","#FFFFFF"
"800","chr19",19900001,24200000,"p12","gvar","#FFFFFF"
"801","chr19",24200001,26200000,"p11","acen","#EBECF0"
"802","chr19",26200001,28100000,"q11","acen","#EBECF0"
"803","chr19",28100001,31900000,"q12","gvar","#FFFFFF"
"804","chr19",31900001,35100000,"q13.11","gneg","#FFFFFF"
"805","chr19",35100001,37800000,"q13.12","gpos25","#D3D3D3"
"806","chr19",37800001,38200000,"q13.13","gneg","#FFFFFF"
"807","chr19",38200001,42900000,"q13.2","gpos25","#D3D3D3"
"808","chr19",42900001,44700000,"q13.31","gneg","#FFFFFF"
"809","chr19",44700001,47500000,"q13.32","gpos25","#D3D3D3"
"810","chr19",47500001,50900000,"q13.33","gneg","#FFFFFF"
"811","chr19",50900001,53100000,"q13.41","gpos25","#D3D3D3"
"812","chr19",53100001,55800000,"q13.42","gneg","#FFFFFF"
"813","chr19",55800001,58617616,"q13.43","gpos25","#D3D3D3"
"814","chr20",1,5100000,"p13","gneg","#FFFFFF"
"815","chr20",5100001,9200000,"p12.3","gpos75","#949494"
"816","chr20",9200001,12000000,"p12.2","gneg","#FFFFFF"
"817","chr20",12000001,17900000,"p12.1","gpos75","#949494"
"818","chr20",17900001,21300000,"p11.23","gneg","#FFFFFF"
"819","chr20",21300001,22300000,"p11.22","gpos25","#D3D3D3"
"820","chr20",22300001,25700000,"p11.21","gneg","#FFFFFF"
"821","chr20",25700001,28100000,"p11.1","acen","#EBECF0"
"822","chr20",28100001,30400000,"q11.1","acen","#EBECF0"
"823","chr20",30400001,33500000,"q11.21","gneg","#FFFFFF"
"824","chr20",33500001,35800000,"q11.22","gpos25","#D3D3D3"
"825","chr20",35800001,39000000,"q11.23","gneg","#FFFFFF"
"826","chr20",39000001,43100000,"q12","gpos75","#949494"
"827","chr20",43100001,43500000,"q13.11","gneg","#FFFFFF"
"828","chr20",43500001,47800000,"q13.12","gpos25","#D3D3D3"
"829","chr20",47800001,51200000,"q13.13","gneg","#FFFFFF"
"830","chr20",51200001,56400000,"q13.2","gpos75","#949494"
"831","chr20",56400001,57800000,"q13.31","gneg","#FFFFFF"
"832","chr20",57800001,59700000,"q13.32","gpos50","#BEBEBE"
"833","chr20",59700001,64444167,"q13.33","gneg","#FFFFFF"
"834","chr21",1,3100000,"p13","gvar","#FFFFFF"
"835","chr21",3100001,7000000,"p12","stalk","#FFFFFF"
"836","chr21",7000001,10900000,"p11.2","gvar","#FFFFFF"
"837","chr21",10900001,12000000,"p11.1","acen","#EBECF0"
"838","chr21",12000001,13000000,"q11.1","acen","#EBECF0"
"839","chr21",13000001,15000000,"q11.2","gneg","#FFFFFF"
"840","chr21",15000001,22600000,"q21.1","gpos100","#000000"
"841","chr21",22600001,25500000,"q21.2","gneg","#FFFFFF"
"842","chr21",25500001,30200000,"q21.3","gpos75","#949494"
"843","chr21",30200001,34400000,"q22.11","gneg","#FFFFFF"
"844","chr21",34400001,36400000,"q22.12","gpos50","#BEBEBE"
"845","chr21",36400001,38300000,"q22.13","gneg","#FFFFFF"
"846","chr21",38300001,41200000,"q22.2","gpos50","#BEBEBE"
"847","chr21",41200001,46709983,"q22.3","gneg","#FFFFFF"
"848","chr22",1,4300000,"p13","gvar","#FFFFFF"
"849","chr22",4300001,9400000,"p12","stalk","#FFFFFF"
"850","chr22",9400001,13700000,"p11.2","gvar","#FFFFFF"
"851","chr22",13700001,15000000,"p11.1","acen","#EBECF0"
"852","chr22",15000001,17400000,"q11.1","acen","#EBECF0"
"853","chr22",17400001,21700000,"q11.21","gneg","#FFFFFF"
"854","chr22",21700001,23100000,"q11.22","gpos25","#D3D3D3"
"855","chr22",23100001,25500000,"q11.23","gneg","#FFFFFF"
"856","chr22",25500001,29200000,"q12.1","gpos50","#BEBEBE"
"857","chr22",29200001,31800000,"q12.2","gneg","#FFFFFF"
"858","chr22",31800001,37200000,"q12.3","gpos50","#BEBEBE"
"859","chr22",37200001,40600000,"q13.1","gneg","#FFFFFF"
"860","chr22",40600001,43800000,"q13.2","gpos50","#BEBEBE"
"861","chr22",43800001,48100000,"q13.31","gneg","#FFFFFF"
"862","chr22",48100001,49100000,"q13.32","gpos50","#BEBEBE"
"863","chr22",49100001,50818468,"q13.33","gneg","#FFFFFF"
